,0
0,IAQsusan
1,thetechsamya
2,SeeTheAirBot
3,elonfantommy
4,INFORSE_org
5,ESusWatch
6,AfricaSustain1
7,SeeTheAirBot
8,elonfantommy
9,solhog
10,RichardMunang
11,CodesmithSys
12,MusyokiGrace
13,artspace254
14,InnoDeckoks
15,agomagroupltd
16,MukiibiEmma2
17,VilmaOnyamasi
18,EricDNjuguna
19,RGabdho
20,_monicah_shiku
21,estate_rex
22,estate_rex
23,HenryOgoti
24,HenryOgoti
25,EugeneMwangangi
26,KenyaNeoEngLtd
27,K1LL3RQU33NB0SS
28,WorldResources
29,SeeTheAirBot
30,elonfantommy
31,Khagali_M
32,Saadiq77
33,Miano_wandia
34,petra57965851
35,georginajsmith
36,corneliuzbett
37,VictorMgendi
38,Infinical1
39,avipsa_m
40,cassildemuhoza
41,okmartt
42,Owiraowira
43,CcPrakay
44,TVSokoKe_
45,PeggyMMwanza
46,freedom32249947
47,Ochweri
48,Delinah_Mijide
49,milliciachris
50,emmyeprong2
51,EFEafrica
52,Mabdirisack1
53,legendary_qt_
54,2guleOfficial
55,DansonKimutai
56,NellyMuluka
57,Crystal_Fishy
58,markday331
59,Roby41262525
60,SakilaSamike
61,pauguste2016
62,A_Malenya
63,Konemoheavy
64,DuncanBakka
65,Inno_Vol_Ke
66,agomagroupltd
67,MukiibiEmma2
68,solhog
69,RichardMunang
70,SeeTheAirBot
71,elonfantommy
72,PMugoMugo
73,Humpedaa
74,AfricaSustain1
75,VilmaOnyamasi
76,EricDNjuguna
77,INFORSE_org
78,ESusWatch
79,membaibrahim
80,Roby41262525
81,Eco1stArt
82,EstherMulin
